time,precip
1,356.10318
2,296.67532
3,256.41595
4,198.2634
5,132.86653
6,104.063385
7,62.570946
8,32.92765
9,22.384325
10,89.234604
11,217.56915
12,285.6491
